chrX	67717530	G	T	
chr17	7675076	T	C	
chr4	78870994	G	GCAACAGCAA	
chr2	47809687	C	T	
chr7	140808968	G	A	
chr17	7675161	G	A	
chr17	7674257	A	G	
chr16	72796374	T	TG	
chr5	68295269	A	G	
chr14	37592012	AGCCGTTCTC	A	
chr16	72950686	TG	T	
chr10	87957915	C	T	
chr10	87894110	G	T	
chr3	179218303	G	A	
chrX	67711621	T	A	
chr21	38400514	T	A	
chr1	26779060	G	A	
chr5	112819272	C	T	
chr17	7676209	A	G	
chr17	7687375	A	G	
chr17	7676206	TGAAC	T	
chr17	7674256	T	C	
chr16	23626367	T	G	
chr17	39511630	G	A	
chr7	152177007	A	AT	
chr11	108331525	G	T	
chr14	37591982	ACTTGAAGCGCTTCTGGCG	A	
chr12	49026308	G	A	
chr17	43074420	A	G	
chr17	7674950	A	C	
chr21	34859500	G	T	
chr9	35078181	C	T	
chr17	7676210	C	T	
chr5	112842166	GA	G	
chr20	32436833	TG	T	
chr12	49040449	TA	T	
chr3	41224645	T	G	
chr16	72796237	G	A	
chr10	87894090	A	G	
chr17	7673803	G	A	
chr2	177230993	T	C	
chr14	23533726	C	T	
chrX	67723710	A	G	
chr20	32434638	A	AG	
chr12	49033933	A	G	
chr7	152311860	T	A	
chr3	41224633	A	G	
chr21	41498181	CAATATGACCTAG	C	
chr2	208248389	G	A	
chr10	87894089	CAATATT	C	
chr13	48362859	C	T	
chr5	112842976	C	A	
chr3	41233406	T	C	
chr17	7676207	G	C	
chr10	87961041	GTACT	G	
chr16	72796373	C	CGATG	
chr11	108248976	AC	A	
chr11	69643929	CGGA	C	
chr7	152273723	C	A	
chr16	72794343	C	T	
chr21	38400515	C	A	
chr17	7674220	C	T	
chr17	49619282	A	C	
chr7	152176696	TGA	T	
chr5	112840254	G	GA	
chr10	87960902	GTT	G	
chr10	87933147	C	T	
chr22	16578064	T	C	
chrX	71128272	G	A	
chrX	67728710	C	A	
chrX	67694614	G	A	
chr22	11326153	C	T	
chr22	10752994	ACT	A	
chr22	10752769	C	A	
chr21	41468921	GCA	G	
chr21	38449213	TA	T	
chr21	38382311	G	A	
chr21	38381481	C	A	
chr21	34833153	G	A	
chr21	34788542	A	G	
chr21	10516439	T	C	
chr21	10491732	AGTAT	A	
chr21	10464922	T	C	
chr21	10454276	T	C	
chr20	58910973	CT	C	
chr20	58891719	C	A	
chr20	58888948	G	A	
chr20	29806722	G	C	
chr19	57739158	C	G	
chr19	45357659	C	T	
chr19	45355591	G	A	
chr19	40242115	G	A	
chr19	40239166	G	A	
chr19	40233276	C	A	
chr19	40233272	C	T	
chr19	40232827	A	G	
chr18	57839655	C	T	
chr17	58693434	G	A	
chr17	58354770	C	T	
chr17	43105128	T	C	
chr17	43059614	T	C	
chr17	39544259	C	T	
chr16	72786453	T	TC	
chr16	72784392	AAAC	A	
chr14	104773705	CG	C	
chr14	68595006	C	G	
chr14	37590958	G	T	
chr13	32353026	G	T	
chr12	49035827	TG	T	
chr12	25245468	C	G	
chr12	25227307	T	G	
chr12	12717699	C	A	
chr11	108345712	A	G	
chr11	74484906	G	GA	
chr9	95316795	C	T	
chr8	70216625	A	G	
chr7	152236118	TA	T	
chr7	152224213	T	G	
chr7	152177469	A	G	
chr7	140834798	G	A	
chr7	140782857	G	A	
chr7	140720885	C	T	
chr7	116777357	G	A	
chr7	92835286	C	A	
chr6	41190125	TG	T	
chr5	178342654	T	A	
chr5	99290676	G	A	
chr5	98855135	GGGC	G	
chr5	68290931	TATTA	T	
chr4	132964953	CA	C	
chr3	179224638	AATT	A	
chr3	142547973	A	G	
chr3	142452959	A	AAAACTTATGGC	
chr3	142450981	C	T	
chr3	142449757	T	TA	
chr3	71581801	C	T	
chr3	71329717	T	C	
chr3	71244908	A	G	
chr3	70965762	A	G	
chr3	41224154	T	TC	
chr3	41194961	C	T	
chr3	10088382	A	C	
chr2	177232698	A	G	
chr2	89624270	C	T	
chr1	204537452	C	T	
chr2	47806727	A	G	
