chr5	68295468	G	GT	
chr14	37591654	T	C	
chr5	68293770	C	T	
chr5	68295476	A	ACC	
chr10	87894090	A	G	
chr14	37591644	T	TCACAGAG	
chr5	68295431	A	G	
chr5	68293758	A	C	
chr5	68293764	A	G	
chr12	49040448	GT	G	
chr14	37591645	G	C	
chr5	68295428	C	T	
chr14	37591646	C	A	
chr5	68295476	A	C	
chr14	37591653	G	C	
chr5	68293766	A	T	
chr14	37591643	G	GCC	
chr14	37591649	A	C	
chr14	37591648	A	AG	
chr4	78870994	G	GCAACAGCAA	
chr10	87894094	T	A	
chr5	68295430	C	CTGG	
chr12	49051742	T	TG	
chr5	68295475	G	C	
chr5	68295469	G	A	
chr14	37591643	G	GCCTC	
chr1	119443046	G	T	
chr1	204553111	C	G	
chr1	204553125	A	G	
chr1	204553131	G	C	
chr1	204553142	A	G	
chr1	204555600	T	C	
chr2	47709342	A	C	
chr2	47709347	A	G	
chr2	47808896	T	C	
chr2	47808914	T	C	
chr2	47808926	G	A	
chr2	47808931	C	A	
chr2	47808946	T	C	
chr2	47808949	A	G	
chr2	47808979	A	G	
chr3	41235502	C	T	
chr3	41239991	T	A	
chr3	10036186	C	T	
chr3	10062011	T	C	
chr3	10062085	G	A	
chr3	10101615	A	C	
chr3	10101663	A	G	
chr3	71335000	T	C	
chr3	71335045	G	A	
chr3	138770466	C	T	
chr3	138770471	G	A	
chr3	138770475	T	C	
chr3	142451618	T	C	
chr3	142451647	A	T	
chr3	142452410	T	C	
chr3	142452417	A	G	
chr3	142452425	T	A	
chr3	142452429	T	C	
chr3	142452437	T	G	
chr3	142499150	A	G	
chr5	68293762	A	G	
chr5	68293768	C	T	
chr5	99290696	T	C	
chr5	99290740	G	A	
chr5	99290743	T	C	
chr5	99290782	A	G	
chr5	99290794	G	A	
chr5	112829411	T	C	
chr7	116796887	A	G	
chr9	95100903	C	T	
chr9	95100713	T	C	
chr9	95100909	T	C	
chr10	87863940	C	G	
chr10	87967794	T	G	
chr10	87967795	G	C	
chr10	87971588	A	T	
chr11	22623768	A	G	
chr11	108225737	G	A	
chr11	108227068	A	G	
chr11	108227257	C	T	
chr11	108227258	A	G	
chr11	108227262	T	C	
chr11	108354074	C	A	
chr11	108354076	C	A	
chr12	57748004	C	A	
chr12	68841345	T	C	
chr12	68845037	T	G	
chr13	48303736	T	G	
chr13	48303737	T	C	
chr13	102874781	G	A	
chr14	68595964	T	C	
chr14	68595965	T	A	
chr14	104777253	C	G	
chr15	90083362	G	A	
chr15	90083400	A	T	
chr16	13950025	A	G	
chr17	39550771	A	G	
chr17	43045021	T	C	
chr17	43045038	C	A	
chr17	43067523	C	G	
chr17	43074831	A	G	
chr17	49646306	T	G	
chr17	49646334	T	C	
chr17	49646339	A	G	
chr19	40243643	T	C	
chr19	45350168	C	T	
chr19	45350211	T	C	
chr19	45407989	C	G	
chr19	45423562	C	T	
chr20	29806797	T	C	
chr20	58902988	A	G	
chr22	16578064	T	C	
chr1	26779060	G	A	
chr9	95100714	C	T	
chr5	99290676	G	A	
chr18	57839655	C	T	
chr20	29806722	G	C	
chr21	10454276	T	C	
chr17	7676207	G	C	
chr17	7676209	A	G	
chr17	7676210	C	T	
chr7	152176696	TGA	T	
